Model,Feature_Method,Accuracy,Precision,Recall,F1_score,Training_Time_Seconds,Average_Prediction_Latency_ms
Logistic Regression,Character-level n-gram,0.9930431968937066,0.9991059454626732,0.9819859402460457,0.9904719698648349,0.13429510000014488,0.0002692606374214757
Random Forest,Character-level n-gram,0.9948228441999677,0.9982238010657194,0.9876977152899824,0.9929328621908127,1.2357145999999375,0.00872986571757242
XGBoost,Character-level n-gram,0.9940139136062126,0.9977767896843042,0.9859402460456942,0.9918232044198895,51.73995710000008,0.006661284581772235
