Feature_Method,Model,Accuracy,Precision,Recall,F1_score,Vectorization_Time_Seconds,Training_Time_Seconds,Average_Prediction_Latency_ms
Word-level n-gram,XGBoost,0.9941785252263907,0.9991087344028521,0.9850615114235501,0.9920353982300885,0.5555953000002773,4.060309799999686,0.003964796248412294
Character-level n-gram,XGBoost,0.9948253557567918,0.9991103202846975,0.9868189806678384,0.9929266136162688,3.0890936000000693,47.0445737,0.005102005174624385
