Feature_Method,Model,Accuracy,Precision,Recall,F1_score,Vectorization_Time_Seconds,Training_Time_Seconds,Average_Prediction_Latency_ms
Word-level n-gram,XGBoost,0.9933667691312086,0.9977728285077951,0.984182776801406,0.990931209909312,0.541197099999863,3.82592859999977,0.004595227309513839
Character-level n-gram,XGBoost,0.9940139136062126,0.9977767896843042,0.9859402460456942,0.9918232044198895,3.12291950000008,47.78726860000006,0.009654376314524473
